Smiles,Measured_pIC50,Predicted_pIC50,Residual,Absolute_Error
CC1CN(S(=O)(=O)c2ccc(C(=O)NCC(=O)O)cc2)CCC1c1ccccc1,4.0457573,3.9772673,0.06849000000000016,0.06849000000000016
COc1ccccc1CN(C)C(=O)Cn1c(CCC(=O)O)nc2c(Cl)cccc2c1=O,5.2006593,5.1238127,0.07684659999999965,0.07684659999999965
O=C(O)CNC(=O)c1ccc(S(=O)(=O)N2CCC(c3ccc(F)cc3)CC2)cc1,4.6382723,4.5875335,0.05073879999999953,0.05073879999999953
O=C(O)CNC(=O)c1ccc(S(=O)(=O)N2CCC(N3CCCC3)CC2)cc1,4.481486,4.2624044,0.2190816,0.2190816
O=C(O)CCC(=O)c1ccc(S(=O)(=O)N2CCC(c3ccccc3)CC2)cc1,5.09691,5.076868,0.020042000000000115,0.020042000000000115
O=C(O)CNC(=O)c1ccc(S(=O)(=O)N2CCC(N3CCCC3)CC2)cc1F,4.79588,4.855486,-0.059605999999999604,0.059605999999999604
CCC[C@H](NC(=O)/C(C#N)=C/c1cccc(Br)n1)c1ccccc1,5.5228786,6.429146,-0.9062674,0.9062674
COc1ccccc1CNC(=O)Cn1c(CCC(=O)O)nc2c(Cl)cccc2c1=O,5.3467875,5.2432528,0.10353469999999998,0.10353469999999998
O=C(O)CNC(=O)c1ccc(S(=O)(=O)N2CCC(c3ccc(F)c(F)c3)CC2)cc1,4.5086384,4.5007277,0.007910700000000048,0.007910700000000048
O=C(O)CNC(=O)c1ccc(S(=O)(=O)N2CCC(C3CCCC3)CC2)cc1,4.4202166,4.404748,0.015468600000000166,0.015468600000000166
Cc1ccc(C(=O)Nc2cccc(C(F)(F)F)c2)cc1Nc1nc(-c2cccnc2)nc2nn(C)cc12,8.005419,7.9369497,0.0684692999999994,0.0684692999999994
CC1CC(c2ccccc2)CCN1S(=O)(=O)c1ccc(C(=O)NCC(=O)O)cc1,4.036212,4.0169754,0.01923660000000016,0.01923660000000016
O=C(O)CCc1nnc(-c2ccccc2)o1,3.4317982,3.4315777,0.0002204999999997348,0.0002204999999997348
CCC[C@H](NC(=O)/C(C#N)=C/c1cccc(Br)n1)c1ccccc1,7.30103,6.429146,0.8718839999999997,0.8718839999999997
O=C(O)CNC(=O)c1ccc(S(=O)(=O)N2CCC(c3ccccc3)CC2)c(F)c1,4.376751,4.3195877,0.05716330000000003,0.05716330000000003
Cc1ccc(C(=O)Nc2cccc(C(F)(F)F)c2)cc1Nc1nc(-c2cccnc2)nc2c1cnn2C,3.8876631,3.8684242,0.019238899999999948,0.019238899999999948
Cc1cc(C(=O)CN2CCCC2)c(C)n1-c1ccc(F)cc1,3.8434508,3.810642,0.03280879999999975,0.03280879999999975
O=C(O)CNC(=O)c1ccc(S(=O)(=O)N2CCC(N3C(=O)Cc4ccccc43)CC2)cc1,3.8860567,3.8628478,0.0232089000000002,0.0232089000000002
CC(C)C[C@H](NC(=O)C1(C(F)(F)F)CCCCC1)C(=O)Nc1nnc(Cc2ccc(C#N)cc2)s1,7.823909,7.7944574,0.0294515999999998,0.0294515999999998
O=C(O)CCC(=O)c1ccc(S(=O)(=O)N2CCC(N3CCCC3)CC2)cc1,5.0457573,5.0382843,0.007473000000000063,0.007473000000000063
O=C(O)CCC(=O)c1ccc2c(c1)CCC2,3.2676063,3.2773938,-0.009787499999999838,0.009787499999999838
CN(C)C1CCN(S(=O)(=O)c2ccc(C(=O)NCC(=O)O)cc2)CC1,4.09691,4.0800333,0.016876700000000078,0.016876700000000078
N#CSc1cc(SC#N)c(N)nc1N,5.0655017,5.053835,0.01166670000000014,0.01166670000000014
O=C(O)CNC(=O)c1ccc(S(=O)(=O)N2CCc3ccccc3C2)cc1,3.9586072,3.9299636,0.028643600000000102,0.028643600000000102
O=C(O)CNC(=O)c1csc(S(=O)(=O)N2CCC(c3ccccc3)CC2)c1,4.1739254,4.126793,0.04713239999999974,0.04713239999999974
O=C(O)CCC(=O)c1cccs1,3.0757208,3.0968685,-0.02114769999999977,0.02114769999999977
O=C(O)CCC(=O)c1ccc2c(c1)CCC(=O)N2,3.7212465,3.7228892,-0.001642700000000108,0.001642700000000108
O=C(O)CCc1nnc(-c2cccc(C(F)(F)F)c2)o1,3.0362122,2.9783058,0.05790640000000025,0.05790640000000025
COc1cc2ncn(CC(=O)O)c(=O)c2cc1OC,3.9586072,4.007668,-0.049060799999999904,0.049060799999999904
Cc1cc(C(=O)CN2CCC(O)CC2)c(C)n1-c1ccc(C#N)cc1,4.6683702,4.641405,0.026965200000000245,0.026965200000000245
CC(C)(C)NS(=O)(=O)c1cccc2c(NC(=O)[C@H](Cc3ccccc3)NC(=O)C3CC3)cccc12,7.5228786,7.4839034,0.03897520000000032,0.03897520000000032
CC(C)C[C@H](NC(=O)C1(C(F)(F)F)CCCCC1)C(=O)Nc1nnc(Cc2ccc(C#N)cc2)s1,7.823909,7.7944574,0.0294515999999998,0.0294515999999998
CC(=O)C1=C(O)C(=O)N(CCc2ccc(Cl)c(Cl)c2)C1c1ccc(Br)cc1,3.69897,3.6615815,0.03738850000000005,0.03738850000000005
COc1ccccc1CNC(=O)Cn1c(CCC(=O)O)nc2c(Cl)cccc2c1=O,5.09691,5.2432528,-0.14634279999999933,0.14634279999999933
CC(C(=O)O)n1cnc2ccccc2c1=O,4.221849,5.127716,-0.9058670000000006,0.9058670000000006
Cc1ccc(C(=O)Nc2cccc(C(F)(F)F)c2)cc1Nc1nc(-c2cccnc2)nc2nn(C)cc12,8.005419,7.9369497,0.0684692999999994,0.0684692999999994
O=C(O)CNC(=O)c1ccc(S(=O)(=O)N2CCC(c3ccccc3)C2)cc1,3.8860567,3.9262946,-0.040237899999999716,0.040237899999999716
O=C(O)CNC(=O)c1ccc(S(=O)(=O)N2CCCC(c3ccccc3)CC2)cc1,4.026872,3.9974248,0.029447199999999896,0.029447199999999896
O=C(O)CNC(=O)c1ccc(S(=O)(=O)N2CCC(c3ccccc3)CC2)o1,4.1487417,4.1247406,0.02400110000000044,0.02400110000000044
CC(C)Cc1ccc(C(=O)CCC(=O)O)cc1,3.4089353,3.4010892,0.007846100000000078,0.007846100000000078
O=C(O)CNC(=O)c1ccc(S(=O)(=O)N2CC(c3ccccc3)C2)cc1,3.5686362,3.663448,-0.0948118,0.0948118
O=C(O)CNC(=O)c1ccc(S(=O)(=O)N2CCC(c3ccc(Br)cc3)CC2)cc1F,4.8860564,4.8681593,0.017897099999999888,0.017897099999999888
O=C([O-])CNC(=O)c1ccc(S(=O)(=O)N2CCC(c3ccc(Cl)cc3)CC2)cn1.[K+],5.468521,5.4330235,0.03549749999999996,0.03549749999999996
Cc1cc(Cl)cc(-c2ccnc3cc(CN4C(=O)C5C(C4=O)C5(C)C)sc23)c1O[C@@H]1CCNC[C@@H]1C,5.0,4.926752,0.07324800000000042,0.07324800000000042
Cc1cc(C(=O)NCC(=O)O)ccc1S(=O)(=O)N1CCC(c2ccccc2)CC1,4.229148,4.1347675,0.09438050000000064,0.09438050000000064
O=C(O)CNC(=O)c1ccc(S(=O)(=O)N2CCC(c3cccc(C(F)(F)F)c3)CC2)cc1,4.102373,4.133168,-0.03079500000000035,0.03079500000000035
O=C(O)CNC(=O)c1ccc(S(=O)(=O)N2CCC(c3ccc(Cl)cc3)CC2)cn1,6.09691,5.213528,0.8833820000000001,0.8833820000000001
O=C([O-])CNC(=O)c1ccc(S(=O)(=O)N2CCC(c3ccc(Cl)cc3)CC2)cn1.[K+],5.5086384,5.4330235,0.07561489999999971,0.07561489999999971
O=C(O)CNC(=O)c1ccc(S(=O)(=O)N2CCC(c3ccccc3)CC2)cc1Cl,3.6777806,3.6242418,0.05353880000000011,0.05353880000000011
O=C(O)CCc1nnc(-c2ccccc2I)o1,3.552842,3.5307853,0.022056700000000262,0.022056700000000262
O=C(Cc1ccccc1)Oc1c(OC(=O)Cc2ccccc2)c(-c2ccc(O)cc2)c(O)c(O)c1-c1ccc(O)cc1,5.39794,5.3877296,0.010210400000000064,0.010210400000000064
CC(C)c1ccc(C(=O)CCC(=O)O)cc1,4.09691,3.982598,0.11431200000000041,0.11431200000000041
C#CCOC(=O)/C(C)=C(C)C=C[C@](C)(O)[C@H]1CC[C@H]2[C@@H]3[C@@H]4O[C@@H]4[C@@]4(O)CC=CC(=O)[C@]4(C)[C@H]3CC[C@@]21C,8.9673815,8.916557,0.05082450000000094,0.05082450000000094
CC(C)C[C@H](NC(=O)[C@H](CCCNC(=N)N)NC(=O)[C@@H](N)CC(C)C)C(=O)N[C@@H](CCCNC(=N)N)C(=O)NCC(=O)NCC(=O)O,4.2839966,4.2400036,0.04399300000000039,0.04399300000000039
CC(C(=O)O)n1cnc2ccccc2c1=O,7.124939,5.127716,1.997223,1.997223
Cn1cc(S(=O)(=O)N2CCC(c3ccccc3)CC2)cc1C(=O)NCC(=O)O,3.8239088,3.7960231,0.02788569999999968,0.02788569999999968
O=C(O)CNC(=O)c1ccc(S(=O)(=O)N2CCC(c3ccccc3)CC2)cc1F,5.0457573,4.9197373,0.12601999999999958,0.12601999999999958
O=C(O)CNC(=O)c1ccc(S(=O)(=O)N2CCC3(CC2)OCc2ccccc23)cc1,3.6575773,3.6321044,0.02547290000000002,0.02547290000000002
CC(CC(=O)c1ccccc1)C(=O)O,3.154902,3.112837,0.04206500000000002,0.04206500000000002
O=C(O)CNC(=O)c1ccc(S(=O)(=O)N2CC=C(c3ccccc3)CC2)cc1,4.2676063,4.235738,0.03186830000000018,0.03186830000000018
Nc1c(C(=O)c2ccccc2)sc2[nH]c(=O)c(C(=O)O)cc12,4.0,3.9799764,0.02002360000000003,0.02002360000000003
O=C(O)CNC(=O)c1ccc(S(=O)(=O)N2CCC(c3ccc(Cl)cc3)CC2)cn1,5.09691,5.213528,-0.11661799999999989,0.11661799999999989
O=C(O)CNC(=O)c1ccc(S(=O)(=O)N2CCC(c3ccc(Cl)cc3)CC2)cn1,5.154902,5.213528,-0.05862600000000029,0.05862600000000029
O=C(O)CNC(=O)c1ccc(S(=O)(=O)N2CCC(c3ccc(Br)cc3)CC2)cc1,4.6575775,4.6160893,0.04148820000000075,0.04148820000000075
O=C(O)CNC(=O)c1ccc(S(=O)(=O)N2CCC(c3ccc(Cl)cc3)CC2)cn1,5.552842,5.213528,0.3393139999999999,0.3393139999999999
COc1cc2oc(=O)cc(C)c2cc1CCC(=O)O,3.60206,3.5993767,0.002683299999999722,0.002683299999999722
CC(C)C[C@@H](NC(=O)C1(C(F)(F)F)CCCCC1)C(=O)Nc1nnc(Cc2ccc(C#N)cc2)s1,7.823909,7.7944574,0.0294515999999998,0.0294515999999998
O=C(O)CNC(=O)c1ccc(S(=O)(=O)N2CCC(N3CCOCC3)CC2)cc1,4.3467875,4.311739,0.03504849999999937,0.03504849999999937
CC(C)C[C@@H](NC(=O)C1(C(F)(F)F)CCCCC1)C(=O)Nc1nnc(Cc2ccc(C#N)cc2)s1,7.823909,7.7944574,0.0294515999999998,0.0294515999999998
Cc1ccc(C(=O)Nc2cccc(C(F)(F)F)c2)cc1Nc1nc(-c2cccnc2)nc2c1cnn2C,3.8876631,3.8684242,0.019238899999999948,0.019238899999999948
O=C(O)CNC(=O)c1ccc(S(=O)(=O)N2CCC(Oc3ccccc3)CC2)cc1,4.21467,4.1795306,0.035139400000000265,0.035139400000000265
Cc1cc(S(=O)(=O)N2CCC(c3ccccc3)CC2)ccc1C(=O)NCC(=O)O,3.0,3.0519633,-0.05196330000000016,0.05196330000000016
Cc1cc(S(=O)(=O)N2CCC(c3ccccc3)CC2)sc1C(=O)NCC(=O)O,4.6777806,4.6485667,0.029213900000000237,0.029213900000000237
O=C(O)CNC(=O)c1ccc(S(=O)(=O)N2CCC(c3ccccc3)CC2)cn1,5.154902,4.9223547,0.23254730000000023,0.23254730000000023
O=C(O)CNC(=O)c1ccc(S(=O)(=O)N2CCC(c3ccc(Cl)cc3)CC2)cc1,4.6777806,4.6172476,0.06053300000000039,0.06053300000000039
CN1CCC(NS(=O)(=O)c2ccc(C(=O)NCC(=O)O)cc2)CC1,3.8239088,3.8030944,0.0208143999999999,0.0208143999999999
COc1ccc(Br)c(-c2nnc(CCC(=O)O)o2)c1,3.5686362,3.577238,-0.008601800000000104,0.008601800000000104
O=C(O)CNC(=O)c1ccc(S(=O)(=O)N2Cc3ccccc3C2)cc1,3.769551,3.6610782,0.10847279999999992,0.10847279999999992
O=C(O)CNC(=O)c1ccc(S(=O)(=O)N2[C@@H]3CC[C@H]2C[C@@H](c2ccccc2)C3)cc1,4.0604806,4.030608,0.029872600000000027,0.029872600000000027
CC(C(=O)O)n1cnc2ccccc2c1=O,4.075721,5.127716,-1.0519950000000007,1.0519950000000007
O=C(O)CNC(=O)c1ccc(S(=O)(=O)N2CCC(c3ccc(Cl)cc3)CC2)cn1,4.337242,5.2135286,-0.8762866000000002,0.8762866000000002
O=C(O)CNC(=O)c1ccc(S(=O)(=O)N2CCC(c3cccc(F)c3)CC2)cc1,4.5086384,4.4611707,0.047467699999999446,0.047467699999999446
