Rank,ChEMBL ID,SMILES,Predicted_pIC50
1,CHEMBL192030,COc1ccc(/C=C\c2cc(OC)c(OC)c(OC)c2)cc1OCC[N+](C)(C)C.[I-],8.021586418151855
2,CHEMBL190498,CC(=O)OC/C(=C(\C(=O)OCC[N+](C)(C)C)c1cccc(F)c1)c1ccc(S(C)(=O)=O)cc1.[Br-],7.849569320678711
3,CHEMBL192908,CC(=O)OC/C(=C(\C(=O)OCC[N+](C)(C)C)c1ccc(F)c(F)c1)c1ccc(S(C)(=O)=O)cc1.[Br-],7.794337272644043
4,CHEMBL87147,C/C(=C/c1ccc2c(c1)C(C)(C)CCS2)c1ccc(C(=O)O)cc1,7.588780403137207
5,CHEMBL73321,C/C(=C\c1ccc2c(c1)C(C)(C)CCS2)c1ccc(C(=O)O)cc1,7.588780403137207
6,CHEMBL39344,C/C(=C\c1ccc(C(=O)O)cc1)c1ccc2c(c1)C(C)(C)CCS2,7.366441249847412
7,CHEMBL415449,C/C(=C/c1ccc(C(=O)O)cc1)c1ccc2c(c1)C(C)(C)CCS2,7.366441249847412
8,CHEMBL75468,C/C(=C\c1ccc(C(=O)O)cc1)c1ccc2c(c1)SCCC2(C)C,7.363831996917725
9,CHEMBL21518,C/C(=C\c1ccc(C(=O)O)cc1)c1ccc2c(c1)C(C)(C)CCO2,7.348150253295898
10,CHEMBL472172,CC1(C)CC=C(C#Cc2ccccc2)c2cc(/C=C/c3ccc(C(=O)O)cc3)ccc21,7.324203014373779
11,CHEMBL372842,CC1(C)C=Cc2cccc(/C=C(/C#N)c3ccc(O)cc3)c2O1,7.3077569007873535
12,CHEMBL463011,COc1cc(/C=C/c2ccc3c(c2)OC(C)(C)C=C3)cc(OC)c1OC,7.289957523345947
13,CHEMBL223784,COCOc1cc(C2=C(c3cc(OC)c(OC)c(OC)c3)C(=O)CC2O[SiH2]C(C)(C)C)ccc1OC,7.283626556396484
14,CHEMBL328026,COc1cc(/C=C/c2ccc(O[Si](C)(C)C(C)(C)C)cc2)cc(OC)c1OC,7.281476020812988
15,CHEMBL86339,COc1cc(/C=C\c2ccc(O[Si](C)(C)C(C)(C)C)cc2)cc(OC)c1OC,7.28147554397583
16,CHEMBL21889,CCOC(=O)c1ccc(/C=C(\C)c2ccc3c(c2)C(C)(C)CCS3)cc1,7.256306648254394
17,CHEMBL221556,COCOc1cc(C2=C(c3cc(OC)c(OC)c(OC)c3)/C(=N\O)CC2O[SiH2]C(C)(C)C)ccc1OC,7.254438400268555
18,CHEMBL136050,CC1(C)CCSc2ccc(/C(=C/c3ccc(C(=O)O)cc3)C(F)(F)F)cc21,7.250209808349609
19,CHEMBL22125,CCOC(=O)c1ccc(/C=C(\C)c2ccc3c(c2)C(C)(C)CCO3)cc1,7.237537384033203
20,CHEMBL136410,CC1(C)CCOc2ccc(/C(=C/c3ccc(C(=O)O)cc3)C(F)(F)F)cc21,7.211178302764893
