Molecule ChEMBL ID,Smiles,pIC50
CHEMBL5285743,O=C(O)CNC(=O)c1ccc(S(=O)(=O)N2CCC(N3C(=O)Cc4ccccc43)CC2)cc1,3.886056648
CHEMBL4451435,O=C(O)CCc1nnc(-c2ccc(Cl)cc2)o1,3.346787486
CHEMBL5267683,O=C(NCCc1ccc(Cl)cc1)c1ccc2nc3c(c(Cl)c2c1)CCCC3,3.698970004
CHEMBL5290717,O=C(O)CNC(=O)c1ccc(S(=O)(=O)N2CCC(N3CCOCC3)CC2)cc1,4.346787486
CHEMBL5285627,O=C(O)CNC(=O)c1ccc(S(=O)(=O)N2CCC(c3ccc(F)cc3)CC2)cc1,4.638272164
CHEMBL5274675,O=C(O)CNC(=O)c1ccc(S(=O)(=O)N2CCC(c3cccc(C(F)(F)F)c3)CC2)cc1,4.102372909
CHEMBL5288864,Cc1cc(S(=O)(=O)N2CCC(c3ccccc3)CC2)ccc1C(=O)NCC(=O)O,3
CHEMBL5276984,Cn1cc(S(=O)(=O)N2CCC(c3ccccc3)CC2)cc1C(=O)NCC(=O)O,3.823908741
CHEMBL5278336,O=C(O)CNC(=O)c1ccc(S(=O)(=O)N2CCC(c3ccc(Cl)cc3)CC2)cn1,5.552841969
CHEMBL5282232,O=C(O)CNC(=O)c1ccc(S(=O)(=O)N2CCC(c3ccccc3)CC2)o1,4.148741651
CHEMBL5410606,COc1ccccc1CNC(=O)Cn1c(CCC(=O)O)nc2c(Cl)cccc2c1=O,5.346787486
CHEMBL4442518,O=C(O)CCc1nnc(-c2ccccc2)o1,3.431798276
CHEMBL4463491,O=C(O)CCC(=O)c1cccs1,3.075720714
CHEMBL4455129,COc1cc2oc(=O)cc(C)c2cc1CCC(=O)O,3.602059991
CHEMBL4446091,Cc1cccc2c(=O)n(CC(=O)O)cnc12,3.30980392
CHEMBL4435581,O=C(O)CCC(=O)c1ccc2c(c1)CCC(=O)N2,3.721246399
CHEMBL4440506,CC(C)c1ccc(C(=O)CCC(=O)O)cc1,4.096910013
CHEMBL5279102,CC(C)C[C@@H](NC(=O)C1(C(F)(F)F)CCCCC1)C(=O)Nc1nnc(Cc2ccc(C#N)cc2)s1,7.823908741
CHEMBL5653589,Cc1ccc(C(=O)Nc2cccc(C(F)(F)F)c2)cc1Nc1nc(-c2cccnc2)nc2nn(C)cc12,8.005418919
CHEMBL1190585,Nc1c(C(=O)c2ccccc2)sc2[nH]c(=O)c(C(=O)O)cc12,4
CHEMBL2012938,O=C(Cc1ccccc1)Oc1c(OC(=O)Cc2ccccc2)c(-c2ccc(O)cc2)c(O)c(O)c1-c1ccc(O)cc1,5.229147988
CHEMBL5279102,CC(C)C[C@@H](NC(=O)C1(C(F)(F)F)CCCCC1)C(=O)Nc1nnc(Cc2ccc(C#N)cc2)s1,7.823908741
CHEMBL5285026,CC(C)C[C@H](NC(=O)C1(C(F)(F)F)CCCCC1)C(=O)Nc1nnc(Cc2ccc(C#N)cc2)s1,7.823908741
CHEMBL5286035,O=C(O)CNC(=O)c1ccc(S(=O)(=O)N2CCC(c3ccccc3)CC2)c(Cl)c1,4.327902142
CHEMBL5276142,Cc1cc(C(=O)CN2CCC(O)CC2)c(C)n1-c1ccc(C#N)cc1,4.668370282
CHEMBL5265979,O=C(O)CNC(=O)c1ccc(S(=O)(=O)N2CCC(c3ccc(Br)cc3)CC2)cc1,4.657577319
CHEMBL5273203,O=C(O)CCC(=O)c1ccc(S(=O)(=O)N2CCC(c3ccccc3)CC2)cc1,5.096910013
CHEMBL5270273,O=C(O)CNC(=O)c1ccc(S(=O)(=O)N2CC=C(c3ccccc3)CC2)cc1,4.26760624
CHEMBL5266862,O=C([O-])CNC(=O)c1ccc(S(=O)(=O)N2CCC(c3ccc(Cl)cc3)CC2)cn1.[K+],5.468521083
CHEMBL5277702,Cc1ccc(C2CCN(S(=O)(=O)c3ccc(C(=O)NCC(=O)O)cc3)CC2)cc1,4.721246399
CHEMBL5653589,Cc1ccc(C(=O)Nc2cccc(C(F)(F)F)c2)cc1Nc1nc(-c2cccnc2)nc2nn(C)cc12,8.005418919
CHEMBL3752910,Cc1ccc(C(=O)Nc2cccc(C(F)(F)F)c2)cc1Nc1nc(-c2cccnc2)nc2c1cnn2C,3.887663231
CHEMBL4563831,O=C(O)CCc1ncc(-c2ccccc2)o1,3.040958608
CHEMBL4577714,CC(C)Cc1ccc(C(=O)CCC(=O)O)cc1,3.408935393
CHEMBL4474814,CC(C)C[C@H](NC(=O)[C@H](CCCNC(=N)N)NC(=O)[C@@H](N)CC(C)C)C(=O)N[C@@H](CCCNC(=N)N)C(=O)NCC(=O)NCC(=O)O,4.283996656
CHEMBL2012938,O=C(Cc1ccccc1)Oc1c(OC(=O)Cc2ccccc2)c(-c2ccc(O)cc2)c(O)c(O)c1-c1ccc(O)cc1,5.397940009
CHEMBL4129140,CC(=O)C1=C(O)C(=O)N(CCc2ccc(Cl)c(Cl)c2)C1c1ccc(Br)cc1,3.698970004
CHEMBL5273043,CC(NC(=O)C1CCCC1)C(=O)Nc1nnc(Cc2ccc([N+](=O)[O-])cc2)s1,7.301029996
CHEMBL3752910,Cc1ccc(C(=O)Nc2cccc(C(F)(F)F)c2)cc1Nc1nc(-c2cccnc2)nc2c1cnn2C,3.887663231
CHEMBL5286558,O=C(O)CNC(=O)c1ccc(S(=O)(=O)N2CCC(c3ccccc3)CC2)cc1Cl,3.677780705
CHEMBL5273898,CN(C)C1CCN(S(=O)(=O)c2ccc(C(=O)NCC(=O)O)cc2)CC1,4.096910013
CHEMBL5278336,O=C(O)CNC(=O)c1ccc(S(=O)(=O)N2CCC(c3ccc(Cl)cc3)CC2)cn1,4.585026652
CHEMBL5290098,O=C(O)CNC(=O)c1ccc(S(=O)(=O)N2CCC(c3ccccc3)CC2)c(F)c1,4.37675071
CHEMBL5271929,O=C(O)CNC(=O)c1ccc(S(=O)(=O)N2CCC(c3ccccc3)CC2)cc1F,5.045757491
CHEMBL5279202,O=C(O)CNC(=O)c1csc(S(=O)(=O)N2CCC(c3ccccc3)CC2)c1,4.173925197
CHEMBL5272566,O=C(O)CNC(=O)c1ccc(S(=O)(=O)N2CCC(N3CCCC3)CC2)cc1,4.48148606
CHEMBL5283991,O=C(O)CNC(=O)c1ccc(S(=O)(=O)N2[C@@H]3CC[C@H]2C[C@@H](c2ccccc2)C3)cc1,4.060480747
CHEMBL4635160,Cc1cc(Cl)cc(-c2ccnc3cc(CN4C(=O)C5C(C4=O)C5(C)C)sc23)c1O[C@@H]1CCNC[C@@H]1C,5
CHEMBL1450722,O=C(O)CCn1nnc(-c2ccccc2)n1,3.27572413
CHEMBL4465377,O=C(O)CCc1nnc(-c2ccccc2I)o1,3.552841969
CHEMBL4435093,COc1ccc(Br)c(-c2nnc(CCC(=O)O)o2)c1,3.568636236
CHEMBL284979,O=C(O)Cn1cnc2ccc(Br)cc2c1=O,3.602059991
CHEMBL5285026,CC(C)C[C@H](NC(=O)C1(C(F)(F)F)CCCCC1)C(=O)Nc1nnc(Cc2ccc(C#N)cc2)s1,7.823908741
CHEMBL5267700,O=C(O)CNC(=O)c1ccc(S(=O)(=O)N2CCc3ccccc3C2)cc1,3.958607315
CHEMBL5284407,CN1CCC(NS(=O)(=O)c2ccc(C(=O)NCC(=O)O)cc2)CC1,3.823908741
CHEMBL5410606,COc1ccccc1CNC(=O)Cn1c(CCC(=O)O)nc2c(Cl)cccc2c1=O,5.096910013
CHEMBL5270844,CC1CN(S(=O)(=O)c2ccc(C(=O)NCC(=O)O)cc2)CCC1c1ccccc1,4.045757491
CHEMBL1471153,O=C(O)Cn1cnc2ccccc2c1=O,3.657577319
CHEMBL4460800,CC(C)(C)c1ccc(C(=O)CCC(=O)O)cc1,3.769551079
CHEMBL4573416,O=C(O)Cn1cc2ccccc2n1,3.031517051
CHEMBL4589447,O=C(O)CCc1nnc(-c2cc(F)ccc2Br)o1,3.366531544
CHEMBL5278336,O=C(O)CNC(=O)c1ccc(S(=O)(=O)N2CCC(c3ccc(Cl)cc3)CC2)cn1,4.337242168
CHEMBL5284285,O=C(O)CNC(=O)c1ccc(S(=O)(=O)N2CCC(c3ccccc3)C2)cc1,3.886056648
CHEMBL461681,O=C(O)CCC(=O)c1ccccc1,3.167491087
CHEMBL4581803,O=C(O)CCC(=O)c1ccc2c(c1)CCC2,3.26760624
CHEMBL4449005,C#CCOC(=O)/C(C)=C(C)C=C[C@](C)(O)[C@H]1CC[C@H]2[C@@H]3[C@@H]4O[C@@H]4[C@@]4(O)CC=CC(=O)[C@]4(C)[C@H]3CC[C@@]21C,8.967381239
CHEMBL4534428,CC(C)(C)NS(=O)(=O)c1cccc2c(NC(=O)[C@H](Cc3ccccc3)NC(=O)C3CC3)cccc12,7.522878745
CHEMBL5266862,O=C([O-])CNC(=O)c1ccc(S(=O)(=O)N2CCC(c3ccc(Cl)cc3)CC2)cn1.[K+],5.508638306
CHEMBL5274579,O=C(O)CNC(=O)c1ccc(S(=O)(=O)N2CCC(c3ccc(Br)cc3)CC2)cc1F,4.886056648
CHEMBL1923233,CCC[C@H](NC(=O)/C(C#N)=C/c1cccc(Br)n1)c1ccccc1,5.522878745
CHEMBL4576514,O=C(O)CCc1nnc(-c2cccc(C(F)(F)F)c2)o1,3.036212173
CHEMBL5276559,O=C(O)CCC(=O)c1ccc(S(=O)(=O)N2CCC(c3ccc(F)c(F)c3)CC2)cc1,4.920818754
CHEMBL5273690,O=C(O)CNC(=O)c1ccc(S(=O)(=O)N2CCCC(c3ccccc3)CC2)cc1,4.026872146
CHEMBL5282155,O=C(O)CNC(=O)c1ccc(S(=O)(=O)N2CCC(C3CCCC3)CC2)cc1,4.420216403
CHEMBL5268053,CN1CCN(C2CCN(S(=O)(=O)c3ccc(C(=O)NCC(=O)O)cc3)CC2)CC1,4.468521083
CHEMBL5268432,CN1CCC2(CC1)CCN(S(=O)(=O)c1ccc(C(=O)NCC(=O)O)cc1)CC2,4.602059991
CHEMBL5280865,Cc1cc(S(=O)(=O)N2CCC(c3ccccc3)CC2)sc1C(=O)NCC(=O)O,4.677780705
CHEMBL5278336,O=C(O)CNC(=O)c1ccc(S(=O)(=O)N2CCC(c3ccc(Cl)cc3)CC2)cn1,6.096910013
CHEMBL4529640,CC(CC(=O)c1ccccc1)C(=O)O,3.15490196
CHEMBL4443420,O=C(O)CCC(=O)c1ccc2ccccc2c1,3.30980392
CHEMBL4537770,CC(C(=O)O)n1cnc2ccccc2c1=O,4.075720714
CHEMBL4537770,CC(C(=O)O)n1cnc2ccccc2c1=O,4.22184875
CHEMBL2012938,O=C(Cc1ccccc1)Oc1c(OC(=O)Cc2ccccc2)c(-c2ccc(O)cc2)c(O)c(O)c1-c1ccc(O)cc1,4.903089987
CHEMBL5279102,CC(C)C[C@@H](NC(=O)C1(C(F)(F)F)CCCCC1)C(=O)Nc1nnc(Cc2ccc(C#N)cc2)s1,7.823908741
CHEMBL5289065,Cc1cc(C(=O)NCC(=O)O)ccc1S(=O)(=O)N1CCC(c2ccccc2)CC1,4.229147988
CHEMBL4537770,CC(C(=O)O)n1cnc2ccccc2c1=O,7.124938737
CHEMBL4529848,CC(C)(C)NS(=O)(=O)c1cccc2c(NC(=O)[C@H](Cc3ccccc3)NC(=O)C3CCCCC3)cccc12,7.522878745
CHEMBL4532335,O=C(O)Cc1nc2ccccc2o1,3.113509275
CHEMBL1410015,Cc1cc(C(=O)CN2CCCC2)c(C)n1-c1ccc(F)cc1,3.843450849
CHEMBL5426708,COc1ccccc1CN(C)C(=O)Cn1c(CCC(=O)O)nc2c(Cl)cccc2c1=O,5.200659451
CHEMBL5282322,O=C(O)CNC(=O)c1ccc(S(=O)(=O)N2CCC(c3ccc(F)c(F)c3)CC2)cc1,4.508638306
CHEMBL5290299,O=C(O)CNC(=O)c1ccc(S(=O)(=O)N2CCC(Oc3ccccc3)CC2)cc1,4.214670165
CHEMBL5266727,COc1ccc(C2CCN(S(=O)(=O)c3ccc(C(=O)NCC(=O)O)cc3)CC2)cc1,4.397940009
CHEMBL5281654,O=C(O)CNC(=O)c1ccc(S(=O)(=O)N2CCC(c3ccc(Cl)cc3)CC2)cc1,4.677780705
CHEMBL5278336,O=C(O)CNC(=O)c1ccc(S(=O)(=O)N2CCC(c3ccc(Cl)cc3)CC2)cn1,5.096910013
CHEMBL4303622,N#CSc1cc(SC#N)c(N)nc1N,5.065501549
CHEMBL1923233,CCC[C@H](NC(=O)/C(C#N)=C/c1cccc(Br)n1)c1ccccc1,7.301029996
CHEMBL5285026,CC(C)C[C@H](NC(=O)C1(C(F)(F)F)CCCCC1)C(=O)Nc1nnc(Cc2ccc(C#N)cc2)s1,7.823908741
CHEMBL5266658,O=C(O)CNC(=O)c1ccc(S(=O)(=O)N2CCC(c3ccccc3)CC2)cc1,4.468521083
CHEMBL5282333,O=C(O)CNC(=O)c1ccc(S(=O)(=O)N2CCN(c3ccccc3)CC2)cc1,3.823908741
CHEMBL5266393,Cc1cccc(C2CCN(S(=O)(=O)c3ccc(C(=O)NCC(=O)O)cc3)CC2)c1,4.744727495
CHEMBL5270943,O=C(O)CNC(=O)c1ccc(S(=O)(=O)N2CCC(c3ccccc3)CC2)cn1,5.15490196
CHEMBL5273795,O=C(O)CNC(=O)c1ccc(S(=O)(=O)N2CCC(c3ccccc3)CC2)s1,4.657577319
CHEMBL5278336,O=C(O)CNC(=O)c1ccc(S(=O)(=O)N2CCC(c3ccc(Cl)cc3)CC2)cn1,5.15490196
CHEMBL1493046,Cc1cc(C(=O)CN2CCCCC2)c(C)n1-c1ccc(F)cc1,4.535510453
CHEMBL5269641,O=C(O)CNC(=O)c1ccc(S(=O)(=O)N2CC(c3ccccc3)C2)cc1,3.568636236
CHEMBL5267510,O=C(O)CNC(=O)c1ccc(S(=O)(=O)N2CCC(c3ccc(Cl)cc3)CC2)cc1F,5.15490196
CHEMBL4218728,COc1cc2ncn(CC(=O)O)c(=O)c2cc1OC,3.958607315
CHEMBL5275351,O=C(O)CNC(=O)c1ccc(S(=O)(=O)N2Cc3ccccc3C2)cc1,3.769551079
CHEMBL5267112,O=C(O)CCC(=O)c1ccc(S(=O)(=O)N2CCC(N3CCCC3)CC2)cc1,5.045757491
CHEMBL5282742,O=C(O)CNC(=O)c1cc(S(=O)(=O)N2CCC(c3ccccc3)CC2)cs1,4.214670165
CHEMBL5285781,CC1CC(c2ccccc2)CCN1S(=O)(=O)c1ccc(C(=O)NCC(=O)O)cc1,4.036212173
CHEMBL5274321,O=C(O)CNC(=O)c1ccc(S(=O)(=O)N2CCC3(CC2)OCc2ccccc23)cc1,3.657577319
CHEMBL5290467,COc1cccc(C2CCN(S(=O)(=O)c3ccc(C(=O)NCC(=O)O)cc3)CC2)c1,4.408935393
CHEMBL5269269,O=C(O)CNC(=O)c1ccc(S(=O)(=O)N2CCC(c3cccc(F)c3)CC2)cc1,4.508638306
CHEMBL5268349,O=C(O)CNC(=O)c1cccc(S(=O)(=O)N2CCC(c3ccccc3)CC2)c1,4.086186148
CHEMBL5283754,O=C(O)CNC(=O)c1ccc(S(=O)(=O)N2CCC(N3CCCC3)CC2)cc1F,4.795880017
CHEMBL4440506,CC(C)c1ccc(C(=O)CCC(=O)O)cc1,4.096910013
